model_family,k_components,covariance_type,mean_silhouette,median_ari,davies_bouldin,min_cluster_share,is_eligible,bic
RFMRules,4,none,0.2658,1.0,1.2257,0.1628,False,
KMeans,3,none,0.3667,0.9973,1.0329,0.2322,True,
KMeans,4,none,0.3595,0.9957,0.9809,0.2107,True,
KMeans,5,none,0.3501,0.9992,1.0044,0.1572,True,
KMeans,6,none,0.3232,0.9934,1.0203,0.1377,True,
GMM,3,full,0.244,1.0,1.4592,0.2209,False,-2702.9
GMM,3,diag,0.244,1.0,1.4592,0.2209,False,-2106.2
GMM,4,full,0.2985,0.9977,1.2609,0.218,False,-3034.7
GMM,4,diag,0.2998,0.9992,1.2549,0.2209,False,-2469.6
GMM,5,full,0.2172,1.0,1.7895,0.1156,False,-6650.1
GMM,5,diag,0.1753,0.9786,1.8241,0.0003,False,-5947.5
GMM,6,full,0.2026,0.9353,2.184,0.001,False,-7482.2
GMM,6,diag,0.2154,0.9627,2.0657,0.0647,False,-6685.7
